<?xml version="1.0" encoding="UTF-8"?>
<GenRun Id="impl_1" LaunchPart="xc7k325tiffg676-2L" LaunchTime="1597457727">
  <File Type="PWROPT-DRC" Name="example_ibert_7series_gtx_0_drc_pwropted.rpt"/>
  <File Type="OPT-METHODOLOGY-DRC" Name="example_ibert_7series_gtx_0_methodology_drc_opted.rpt"/>
  <File Type="INIT-TIMING" Name="example_ibert_7series_gtx_0_timing_summary_init.rpt"/>
  <File Type="ROUTE-PWR-RPX" Name="example_ibert_7series_gtx_0_power_routed.rpx"/>
  <File Type="PA-TCL" Name="example_ibert_7series_gtx_0.tcl"/>
  <File Type="OPT-HWDEF" Name="example_ibert_7series_gtx_0.hwdef"/>
  <File Type="RDI-RDI" Name="example_ibert_7series_gtx_0.vdi"/>
  <File Type="OPT-DCP" Name="example_ibert_7series_gtx_0_opt.dcp"/>
  <File Type="OPT-DRC" Name="example_ibert_7series_gtx_0_drc_opted.rpt"/>
  <File Type="OPT-TIMING" Name="example_ibert_7series_gtx_0_timing_summary_opted.rpt"/>
  <File Type="PWROPT-DCP" Name="example_ibert_7series_gtx_0_pwropt.dcp"/>
  <File Type="PWROPT-TIMING" Name="example_ibert_7series_gtx_0_timing_summary_pwropted.rpt"/>
  <File Type="PLACE-DCP" Name="example_ibert_7series_gtx_0_placed.dcp"/>
  <File Type="PLACE-IO" Name="example_ibert_7series_gtx_0_io_placed.rpt"/>
  <File Type="PLACE-CLK" Name="example_ibert_7series_gtx_0_clock_utilization_placed.rpt"/>
  <File Type="PLACE-UTIL" Name="example_ibert_7series_gtx_0_utilization_placed.rpt"/>
  <File Type="PLACE-UTIL-PB" Name="example_ibert_7series_gtx_0_utilization_placed.pb"/>
  <File Type="PLACE-CTRL" Name="example_ibert_7series_gtx_0_control_sets_placed.rpt"/>
  <File Type="PLACE-SIMILARITY" Name="example_ibert_7series_gtx_0_incremental_reuse_placed.rpt"/>
  <File Type="PLACE-PRE-SIMILARITY" Name="example_ibert_7series_gtx_0_incremental_reuse_pre_placed.rpt"/>
  <File Type="PLACE-TIMING" Name="example_ibert_7series_gtx_0_timing_summary_placed.rpt"/>
  <File Type="POSTPLACE-PWROPT-DCP" Name="example_ibert_7series_gtx_0_postplace_pwropt.dcp"/>
  <File Type="POSTPLACE-PWROPT-TIMING" Name="example_ibert_7series_gtx_0_timing_summary_postplace_pwropted.rpt"/>
  <File Type="PHYSOPT-DCP" Name="example_ibert_7series_gtx_0_physopt.dcp"/>
  <File Type="PHYSOPT-DRC" Name="example_ibert_7series_gtx_0_drc_physopted.rpt"/>
  <File Type="PHYSOPT-TIMING" Name="example_ibert_7series_gtx_0_timing_summary_physopted.rpt"/>
  <File Type="ROUTE-ERROR-DCP" Name="example_ibert_7series_gtx_0_routed_error.dcp"/>
  <File Type="ROUTE-DCP" Name="example_ibert_7series_gtx_0_routed.dcp"/>
  <File Type="ROUTE-BLACKBOX-DCP" Name="example_ibert_7series_gtx_0_routed_bb.dcp"/>
  <File Type="ROUTE-DRC" Name="example_ibert_7series_gtx_0_drc_routed.rpt"/>
  <File Type="ROUTE-DRC-PB" Name="example_ibert_7series_gtx_0_drc_routed.pb"/>
  <File Type="BG-BIN" Name="example_ibert_7series_gtx_0.bin"/>
  <File Type="ROUTE-DRC-RPX" Name="example_ibert_7series_gtx_0_drc_routed.rpx"/>
  <File Type="BG-DRC" Name="example_ibert_7series_gtx_0.drc"/>
  <File Type="ROUTE-METHODOLOGY-DRC" Name="example_ibert_7series_gtx_0_methodology_drc_routed.rpt"/>
  <File Type="BITSTR-MSK" Name="example_ibert_7series_gtx_0.msk"/>
  <File Type="ROUTE-METHODOLOGY-DRC-RPX" Name="example_ibert_7series_gtx_0_methodology_drc_routed.rpx"/>
  <File Type="BG-BGN" Name="example_ibert_7series_gtx_0.bgn"/>
  <File Type="ROUTE-METHODOLOGY-DRC-PB" Name="example_ibert_7series_gtx_0_methodology_drc_routed.pb"/>
  <File Type="ROUTE-PWR" Name="example_ibert_7series_gtx_0_power_routed.rpt"/>
  <File Type="ROUTE-PWR-SUM" Name="example_ibert_7series_gtx_0_power_summary_routed.pb"/>
  <File Type="ROUTE-STATUS" Name="example_ibert_7series_gtx_0_route_status.rpt"/>
  <File Type="ROUTE-STATUS-PB" Name="example_ibert_7series_gtx_0_route_status.pb"/>
  <File Type="ROUTE-TIMINGSUMMARY" Name="example_ibert_7series_gtx_0_timing_summary_routed.rpt"/>
  <File Type="ROUTE-TIMING-PB" Name="example_ibert_7series_gtx_0_timing_summary_routed.pb"/>
  <File Type="ROUTE-TIMING-RPX" Name="example_ibert_7series_gtx_0_timing_summary_routed.rpx"/>
  <File Type="ROUTE-SIMILARITY" Name="example_ibert_7series_gtx_0_incremental_reuse_routed.rpt"/>
  <File Type="ROUTE-CLK" Name="example_ibert_7series_gtx_0_clock_utilization_routed.rpt"/>
  <File Type="POSTROUTE-PHYSOPT-DCP" Name="example_ibert_7series_gtx_0_postroute_physopt.dcp"/>
  <File Type="POSTROUTE-PHYSOPT-BLACKBOX-DCP" Name="example_ibert_7series_gtx_0_postroute_physopt_bb.dcp"/>
  <File Type="POSTROUTE-PHYSOPT-TIMING" Name="example_ibert_7series_gtx_0_timing_summary_postroute_physopted.rpt"/>
  <File Type="POSTROUTE-PHYSOPT-TIMING-PB" Name="example_ibert_7series_gtx_0_timing_summary_postroute_physopted.pb"/>
  <File Type="POSTROUTE-PHYSOPT-TIMING-RPX" Name="example_ibert_7series_gtx_0_timing_summary_postroute_physopted.rpx"/>
  <File Type="BG-BIT" Name="example_ibert_7series_gtx_0.bit"/>
  <File Type="BITSTR-RBT" Name="example_ibert_7series_gtx_0.rbt"/>
  <File Type="BITSTR-NKY" Name="example_ibert_7series_gtx_0.nky"/>
  <File Type="BITSTR-BMM" Name="example_ibert_7series_gtx_0_bd.bmm"/>
  <File Type="BITSTR-MMI" Name="example_ibert_7series_gtx_0.mmi"/>
  <File Type="BITSTR-SYSDEF" Name="example_ibert_7series_gtx_0.sysdef"/>
  <File Type="WBT-USG" Name="usage_statistics_webtalk.html"/>
  <FileSet Name="sources" Type="DesignSrcs" RelSrcDir="$PSRCDIR/sources_1">
    <Filter Type="Srcs"/>
    <File Path="$PSRCDIR/sources_1/ip/ibert_7series_gtx_0/ibert_7series_gtx_0.xci">
      <FileInfo>
        <Attr Name="ImportPath" Val="$PPRDIR/../sata_ibert/sata_ibert.srcs/sources_1/ip/ibert_7series_gtx_0/ibert_7series_gtx_0.xci"/>
        <Attr Name="ImportTime" Val="1597457308"/>
        <Attr Name="UsedIn" Val="synthesis"/>
        <Attr Name="UsedIn" Val="implementation"/>
        <Attr Name="UsedIn" Val="simulation"/>
      </FileInfo>
    </File>
    <File Path="$PPRDIR/imports/example_ibert_7series_gtx_0.v">
      <FileInfo>
        <Attr Name="UsedIn" Val="synthesis"/>
        <Attr Name="UsedIn" Val="implementation"/>
        <Attr Name="UsedIn" Val="simulation"/>
      </FileInfo>
    </File>
    <File Path="$PPRDIR/imports/xdc_7ser_gtx.txt"/>
    <File Path="$PPRDIR/imports/example_top_verilog.txt"/>
    <Config>
      <Option Name="DesignMode" Val="RTL"/>
      <Option Name="TopModule" Val="example_ibert_7series_gtx_0"/>
    </Config>
  </FileSet>
  <FileSet Name="constrs_in" Type="Constrs" RelSrcDir="$PSRCDIR/constrs_1">
    <Filter Type="Constrs"/>
    <File Path="$PPRDIR/imports/example_ibert_7series_gtx_0.xdc">
      <FileInfo>
        <Attr Name="UsedIn" Val="synthesis"/>
        <Attr Name="UsedIn" Val="implementation"/>
      </FileInfo>
    </File>
    <Config>
      <Option Name="ConstrsType" Val="XDC"/>
    </Config>
  </FileSet>
  <Strategy Version="1" Minor="2">
    <StratHandle Name="Vivado Implementation Defaults" Flow="Vivado Implementation 2016">
      <Desc>Default settings for Implementation.</Desc>
    </StratHandle>
    <Step Id="init_design"/>
    <Step Id="opt_design"/>
    <Step Id="power_opt_design"/>
    <Step Id="place_design"/>
    <Step Id="post_place_power_opt_design"/>
    <Step Id="phys_opt_design"/>
    <Step Id="route_design"/>
    <Step Id="post_route_phys_opt_design"/>
    <Step Id="write_bitstream"/>
  </Strategy>
</GenRun>
