<?xml version="1.0" encoding="UTF-8" ?>
<webTalkData  fileName='usage_statistics_webtalk.xml'  majorVersion='1' minorVersion='0' timeStamp='Sat Aug 15 10:22:53 2020'>
<section name="__ROOT__" level="0" order="1" description="">
 <section name="software_version_and_target_device" level="1" order="1" description="">
  <keyValuePair key="beta" value="FALSE" description="" />
  <keyValuePair key="build_version" value="1733598" description="" />
  <keyValuePair key="date_generated" value="Sat Aug 15 10:22:53 2020" description="" />
  <keyValuePair key="os_platform" value="WIN64" description="" />
  <keyValuePair key="product_version" value="Vivado v2016.4 (64-bit)" description="" />
  <keyValuePair key="project_id" value="b1d9ad309d2a40f290b6cc0e31c29b83" description="" />
  <keyValuePair key="project_iteration" value="1" description="" />
  <keyValuePair key="random_id" value="8b4a39631e2350dca9a95f0c3db50609" description="" />
  <keyValuePair key="registration_id" value="8b4a39631e2350dca9a95f0c3db50609" description="" />
  <keyValuePair key="route_design" value="TRUE" description="" />
  <keyValuePair key="target_device" value="xc7k325ti" description="" />
  <keyValuePair key="target_family" value="kintex7" description="" />
  <keyValuePair key="target_package" value="ffg676" description="" />
  <keyValuePair key="target_speed" value="-2L" description="" />
  <keyValuePair key="tool_flow" value="Vivado" description="" />
 </section>
 <section name="user_environment" level="1" order="2" description="">
  <keyValuePair key="cpu_name" value="Intel(R) Xeon(R) CPU E5-2660 0 @ 2.20GHz" description="" />
  <keyValuePair key="cpu_speed" value="2200 MHz" description="" />
  <keyValuePair key="os_name" value="Microsoft Windows 7 , 64-bit" description="" />
  <keyValuePair key="os_release" value="major release  (build 7600)" description="" />
  <keyValuePair key="system_ram" value="17.000 GB" description="" />
  <keyValuePair key="total_processors" value="1" description="" />
 </section>
 <section name="ip_statistics" level="1" order="3" description="">
  <section name="ibert_7series_gtx/1" level="2" order="1" description="">
   <keyValuePair key="c_add_rxoutclk_probes" value="0" description="" />
   <keyValuePair key="c_all_data_widths" value="0" description="" />
   <keyValuePair key="c_build_revision" value="0" description="" />
   <keyValuePair key="c_channel_quad_0" value="Channel_0" description="" />
   <keyValuePair key="c_channel_quad_1" value="Channel_0" description="" />
   <keyValuePair key="c_channel_quad_10" value="Channel_0" description="" />
   <keyValuePair key="c_channel_quad_11" value="Channel_0" description="" />
   <keyValuePair key="c_channel_quad_12" value="Channel_0" description="" />
   <keyValuePair key="c_channel_quad_13" value="Channel_0" description="" />
   <keyValuePair key="c_channel_quad_14" value="Channel_0" description="" />
   <keyValuePair key="c_channel_quad_15" value="Channel_0" description="" />
   <keyValuePair key="c_channel_quad_2" value="Channel_0" description="" />
   <keyValuePair key="c_channel_quad_3" value="Channel_0" description="" />
   <keyValuePair key="c_channel_quad_4" value="Channel_0" description="" />
   <keyValuePair key="c_channel_quad_5" value="Channel_0" description="" />
   <keyValuePair key="c_channel_quad_6" value="Channel_0" description="" />
   <keyValuePair key="c_channel_quad_7" value="Channel_0" description="" />
   <keyValuePair key="c_channel_quad_8" value="Channel_0" description="" />
   <keyValuePair key="c_channel_quad_9" value="Channel_0" description="" />
   <keyValuePair key="c_check_refclk_sources" value="1" description="" />
   <keyValuePair key="c_component_name" value="ibert_7series_gtx_0" description="" />
   <keyValuePair key="c_core_major_ver" value="3" description="" />
   <keyValuePair key="c_core_minor_alpha_ver" value="97" description="" />
   <keyValuePair key="c_core_minor_ver" value="0" description="" />
   <keyValuePair key="c_cpllpd_q0" value="1" description="" />
   <keyValuePair key="c_cpllpd_q1" value="0" description="" />
   <keyValuePair key="c_cpllpd_q10" value="0" description="" />
   <keyValuePair key="c_cpllpd_q11" value="0" description="" />
   <keyValuePair key="c_cpllpd_q12" value="0" description="" />
   <keyValuePair key="c_cpllpd_q13" value="0" description="" />
   <keyValuePair key="c_cpllpd_q14" value="0" description="" />
   <keyValuePair key="c_cpllpd_q15" value="0" description="" />
   <keyValuePair key="c_cpllpd_q2" value="0" description="" />
   <keyValuePair key="c_cpllpd_q3" value="0" description="" />
   <keyValuePair key="c_cpllpd_q4" value="0" description="" />
   <keyValuePair key="c_cpllpd_q5" value="0" description="" />
   <keyValuePair key="c_cpllpd_q6" value="0" description="" />
   <keyValuePair key="c_cpllpd_q7" value="0" description="" />
   <keyValuePair key="c_cpllpd_q8" value="0" description="" />
   <keyValuePair key="c_cpllpd_q9" value="0" description="" />
   <keyValuePair key="c_cpllrefclksel_q0" value="010" description="" />
   <keyValuePair key="c_cpllrefclksel_q1" value="000" description="" />
   <keyValuePair key="c_cpllrefclksel_q10" value="000" description="" />
   <keyValuePair key="c_cpllrefclksel_q11" value="000" description="" />
   <keyValuePair key="c_cpllrefclksel_q12" value="000" description="" />
   <keyValuePair key="c_cpllrefclksel_q13" value="000" description="" />
   <keyValuePair key="c_cpllrefclksel_q14" value="000" description="" />
   <keyValuePair key="c_cpllrefclksel_q15" value="000" description="" />
   <keyValuePair key="c_cpllrefclksel_q2" value="000" description="" />
   <keyValuePair key="c_cpllrefclksel_q3" value="000" description="" />
   <keyValuePair key="c_cpllrefclksel_q4" value="000" description="" />
   <keyValuePair key="c_cpllrefclksel_q5" value="000" description="" />
   <keyValuePair key="c_cpllrefclksel_q6" value="000" description="" />
   <keyValuePair key="c_cpllrefclksel_q7" value="000" description="" />
   <keyValuePair key="c_cpllrefclksel_q8" value="000" description="" />
   <keyValuePair key="c_cpllrefclksel_q9" value="000" description="" />
   <keyValuePair key="c_data_width" value="32" description="" />
   <keyValuePair key="c_device_family" value="0000000000000101" description="" />
   <keyValuePair key="c_device_package" value="0000000000000010" description="" />
   <keyValuePair key="c_device_type" value="0000000000001000" description="" />
   <keyValuePair key="c_disable_sysclk_buf" value="0" description="" />
   <keyValuePair key="c_dmon_trace" value="0" description="" />
   <keyValuePair key="c_enable_diff_term" value="0" description="" />
   <keyValuePair key="c_family" value="kintex7" description="" />
   <keyValuePair key="c_gt_correct" value="1" description="" />
   <keyValuePair key="c_major_version" value="2013" description="" />
   <keyValuePair key="c_max_linerate_q0" value="000000000000000101100101101000001011110000000000" description="" />
   <keyValuePair key="c_max_linerate_q1" value="000000000000000000000000000000000000000000000000" description="" />
   <keyValuePair key="c_max_linerate_q10" value="000000000000000000000000000000000000000000000000" description="" />
   <keyValuePair key="c_max_linerate_q11" value="000000000000000000000000000000000000000000000000" description="" />
   <keyValuePair key="c_max_linerate_q12" value="000000000000000000000000000000000000000000000000" description="" />
   <keyValuePair key="c_max_linerate_q13" value="000000000000000000000000000000000000000000000000" description="" />
   <keyValuePair key="c_max_linerate_q14" value="000000000000000000000000000000000000000000000000" description="" />
   <keyValuePair key="c_max_linerate_q15" value="000000000000000000000000000000000000000000000000" description="" />
   <keyValuePair key="c_max_linerate_q2" value="000000000000000000000000000000000000000000000000" description="" />
   <keyValuePair key="c_max_linerate_q3" value="000000000000000000000000000000000000000000000000" description="" />
   <keyValuePair key="c_max_linerate_q4" value="000000000000000000000000000000000000000000000000" description="" />
   <keyValuePair key="c_max_linerate_q5" value="000000000000000000000000000000000000000000000000" description="" />
   <keyValuePair key="c_max_linerate_q6" value="000000000000000000000000000000000000000000000000" description="" />
   <keyValuePair key="c_max_linerate_q7" value="000000000000000000000000000000000000000000000000" description="" />
   <keyValuePair key="c_max_linerate_q8" value="000000000000000000000000000000000000000000000000" description="" />
   <keyValuePair key="c_max_linerate_q9" value="000000000000000000000000000000000000000000000000" description="" />
   <keyValuePair key="c_max_refclk_freq_q0" value="00001000111100001101000110000000" description="" />
   <keyValuePair key="c_max_refclk_freq_q1" value="00000000000000000000000000000000" description="" />
   <keyValuePair key="c_max_refclk_freq_q10" value="00000000000000000000000000000000" description="" />
   <keyValuePair key="c_max_refclk_freq_q11" value="00000000000000000000000000000000" description="" />
   <keyValuePair key="c_max_refclk_freq_q12" value="00000000000000000000000000000000" description="" />
   <keyValuePair key="c_max_refclk_freq_q13" value="00000000000000000000000000000000" description="" />
   <keyValuePair key="c_max_refclk_freq_q14" value="00000000000000000000000000000000" description="" />
   <keyValuePair key="c_max_refclk_freq_q15" value="00000000000000000000000000000000" description="" />
   <keyValuePair key="c_max_refclk_freq_q2" value="00000000000000000000000000000000" description="" />
   <keyValuePair key="c_max_refclk_freq_q3" value="00000000000000000000000000000000" description="" />
   <keyValuePair key="c_max_refclk_freq_q4" value="00000000000000000000000000000000" description="" />
   <keyValuePair key="c_max_refclk_freq_q5" value="00000000000000000000000000000000" description="" />
   <keyValuePair key="c_max_refclk_freq_q6" value="00000000000000000000000000000000" description="" />
   <keyValuePair key="c_max_refclk_freq_q7" value="00000000000000000000000000000000" description="" />
   <keyValuePair key="c_max_refclk_freq_q8" value="00000000000000000000000000000000" description="" />
   <keyValuePair key="c_max_refclk_freq_q9" value="00000000000000000000000000000000" description="" />
   <keyValuePair key="c_mgt_coordinate_q0" value="0000000000000000" description="" />
   <keyValuePair key="c_mgt_coordinate_q1" value="0000000000000000" description="" />
   <keyValuePair key="c_mgt_coordinate_q10" value="0000000000000000" description="" />
   <keyValuePair key="c_mgt_coordinate_q11" value="0000000000000000" description="" />
   <keyValuePair key="c_mgt_coordinate_q12" value="0000000000000000" description="" />
   <keyValuePair key="c_mgt_coordinate_q13" value="0000000000000000" description="" />
   <keyValuePair key="c_mgt_coordinate_q14" value="0000000000000000" description="" />
   <keyValuePair key="c_mgt_coordinate_q15" value="0000000000000000" description="" />
   <keyValuePair key="c_mgt_coordinate_q2" value="0000000000000000" description="" />
   <keyValuePair key="c_mgt_coordinate_q3" value="0000000000000000" description="" />
   <keyValuePair key="c_mgt_coordinate_q4" value="0000000000000000" description="" />
   <keyValuePair key="c_mgt_coordinate_q5" value="0000000000000000" description="" />
   <keyValuePair key="c_mgt_coordinate_q6" value="0000000000000000" description="" />
   <keyValuePair key="c_mgt_coordinate_q7" value="0000000000000000" description="" />
   <keyValuePair key="c_mgt_coordinate_q8" value="0000000000000000" description="" />
   <keyValuePair key="c_mgt_coordinate_q9" value="0000000000000000" description="" />
   <keyValuePair key="c_mgt_number_q0" value="0000000001110011" description="" />
   <keyValuePair key="c_mgt_number_q1" value="0000000000000000" description="" />
   <keyValuePair key="c_mgt_number_q10" value="0000000000000000" description="" />
   <keyValuePair key="c_mgt_number_q11" value="0000000000000000" description="" />
   <keyValuePair key="c_mgt_number_q12" value="0000000000000000" description="" />
   <keyValuePair key="c_mgt_number_q13" value="0000000000000000" description="" />
   <keyValuePair key="c_mgt_number_q14" value="0000000000000000" description="" />
   <keyValuePair key="c_mgt_number_q15" value="0000000000000000" description="" />
   <keyValuePair key="c_mgt_number_q2" value="0000000000000000" description="" />
   <keyValuePair key="c_mgt_number_q3" value="0000000000000000" description="" />
   <keyValuePair key="c_mgt_number_q4" value="0000000000000000" description="" />
   <keyValuePair key="c_mgt_number_q5" value="0000000000000000" description="" />
   <keyValuePair key="c_mgt_number_q6" value="0000000000000000" description="" />
   <keyValuePair key="c_mgt_number_q7" value="0000000000000000" description="" />
   <keyValuePair key="c_mgt_number_q8" value="0000000000000000" description="" />
   <keyValuePair key="c_mgt_number_q9" value="0000000000000000" description="" />
   <keyValuePair key="c_minor_version" value="3" description="" />
   <keyValuePair key="c_mmcm_clkout0_divide" value="10.000" description="" />
   <keyValuePair key="c_mmcm_divclk_divide" value="1" description="" />
   <keyValuePair key="c_mmcm_mult" value="10.000" description="" />
   <keyValuePair key="c_num_quads" value="1" description="" />
   <keyValuePair key="c_pd_q0" value="0000" description="" />
   <keyValuePair key="c_pd_q1" value="0000" description="" />
   <keyValuePair key="c_pd_q10" value="0000" description="" />
   <keyValuePair key="c_pd_q11" value="0000" description="" />
   <keyValuePair key="c_pd_q12" value="0000" description="" />
   <keyValuePair key="c_pd_q13" value="0000" description="" />
   <keyValuePair key="c_pd_q14" value="0000" description="" />
   <keyValuePair key="c_pd_q15" value="0000" description="" />
   <keyValuePair key="c_pd_q2" value="0000" description="" />
   <keyValuePair key="c_pd_q3" value="0000" description="" />
   <keyValuePair key="c_pd_q4" value="0000" description="" />
   <keyValuePair key="c_pd_q5" value="0000" description="" />
   <keyValuePair key="c_pd_q6" value="0000" description="" />
   <keyValuePair key="c_pd_q7" value="0000" description="" />
   <keyValuePair key="c_pd_q8" value="0000" description="" />
   <keyValuePair key="c_pd_q9" value="0000" description="" />
   <keyValuePair key="c_protocol_1" value="Custom_1" description="" />
   <keyValuePair key="c_protocol_2" value="Custom_2" description="" />
   <keyValuePair key="c_protocol_3" value="Custom_3" description="" />
   <keyValuePair key="c_protocol_count" value="1" description="" />
   <keyValuePair key="c_protocol_datawidth_1" value="32" description="" />
   <keyValuePair key="c_protocol_datawidth_2" value="32" description="" />
   <keyValuePair key="c_protocol_datawidth_3" value="32" description="" />
   <keyValuePair key="c_protocol_gt_count_1" value="1" description="" />
   <keyValuePair key="c_protocol_gt_count_2" value="0" description="" />
   <keyValuePair key="c_protocol_gt_count_3" value="0" description="" />
   <keyValuePair key="c_protocol_maxlinerate_1" value="6" description="" />
   <keyValuePair key="c_protocol_maxlinerate_2" value="3.125" description="" />
   <keyValuePair key="c_protocol_maxlinerate_3" value="3.125" description="" />
   <keyValuePair key="c_protocol_quad0" value="Custom_1_/_6_Gbps" description="" />
   <keyValuePair key="c_protocol_quad1" value="None" description="" />
   <keyValuePair key="c_protocol_quad10" value="None" description="" />
   <keyValuePair key="c_protocol_quad11" value="None" description="" />
   <keyValuePair key="c_protocol_quad12" value="None" description="" />
   <keyValuePair key="c_protocol_quad13" value="None" description="" />
   <keyValuePair key="c_protocol_quad14" value="None" description="" />
   <keyValuePair key="c_protocol_quad15" value="None" description="" />
   <keyValuePair key="c_protocol_quad2" value="None" description="" />
   <keyValuePair key="c_protocol_quad3" value="None" description="" />
   <keyValuePair key="c_protocol_quad4" value="None" description="" />
   <keyValuePair key="c_protocol_quad5" value="None" description="" />
   <keyValuePair key="c_protocol_quad6" value="None" description="" />
   <keyValuePair key="c_protocol_quad7" value="None" description="" />
   <keyValuePair key="c_protocol_quad8" value="None" description="" />
   <keyValuePair key="c_protocol_quad9" value="None" description="" />
   <keyValuePair key="c_protocol_rxrefclk_frequency_1" value="150.000" description="" />
   <keyValuePair key="c_protocol_rxrefclk_frequency_2" value="125.000" description="" />
   <keyValuePair key="c_protocol_rxrefclk_frequency_3" value="125.000" description="" />
   <keyValuePair key="c_protocol_use_quad_pll_1" value="1" description="" />
   <keyValuePair key="c_protocol_use_quad_pll_2" value="1" description="" />
   <keyValuePair key="c_protocol_use_quad_pll_3" value="1" description="" />
   <keyValuePair key="c_qpll_coordinate_q0" value="0000000000000000" description="" />
   <keyValuePair key="c_qpll_coordinate_q1" value="0000000000000000" description="" />
   <keyValuePair key="c_qpll_coordinate_q10" value="0000000000000000" description="" />
   <keyValuePair key="c_qpll_coordinate_q11" value="0000000000000000" description="" />
   <keyValuePair key="c_qpll_coordinate_q12" value="0000000000000000" description="" />
   <keyValuePair key="c_qpll_coordinate_q13" value="0000000000000000" description="" />
   <keyValuePair key="c_qpll_coordinate_q14" value="0000000000000000" description="" />
   <keyValuePair key="c_qpll_coordinate_q15" value="0000000000000000" description="" />
   <keyValuePair key="c_qpll_coordinate_q2" value="0000000000000000" description="" />
   <keyValuePair key="c_qpll_coordinate_q3" value="0000000000000000" description="" />
   <keyValuePair key="c_qpll_coordinate_q4" value="0000000000000000" description="" />
   <keyValuePair key="c_qpll_coordinate_q5" value="0000000000000000" description="" />
   <keyValuePair key="c_qpll_coordinate_q6" value="0000000000000000" description="" />
   <keyValuePair key="c_qpll_coordinate_q7" value="0000000000000000" description="" />
   <keyValuePair key="c_qpll_coordinate_q8" value="0000000000000000" description="" />
   <keyValuePair key="c_qpll_coordinate_q9" value="0000000000000000" description="" />
   <keyValuePair key="c_qpll_div_q0" value="00101000" description="" />
   <keyValuePair key="c_qpll_div_q1" value="00000000" description="" />
   <keyValuePair key="c_qpll_div_q10" value="00000000" description="" />
   <keyValuePair key="c_qpll_div_q11" value="00000000" description="" />
   <keyValuePair key="c_qpll_div_q12" value="00000000" description="" />
   <keyValuePair key="c_qpll_div_q13" value="00000000" description="" />
   <keyValuePair key="c_qpll_div_q14" value="00000000" description="" />
   <keyValuePair key="c_qpll_div_q15" value="00000000" description="" />
   <keyValuePair key="c_qpll_div_q2" value="00000000" description="" />
   <keyValuePair key="c_qpll_div_q3" value="00000000" description="" />
   <keyValuePair key="c_qpll_div_q4" value="00000000" description="" />
   <keyValuePair key="c_qpll_div_q5" value="00000000" description="" />
   <keyValuePair key="c_qpll_div_q6" value="00000000" description="" />
   <keyValuePair key="c_qpll_div_q7" value="00000000" description="" />
   <keyValuePair key="c_qpll_div_q8" value="00000000" description="" />
   <keyValuePair key="c_qpll_div_q9" value="00000000" description="" />
   <keyValuePair key="c_qpllpd_q0" value="0" description="" />
   <keyValuePair key="c_qpllpd_q1" value="0" description="" />
   <keyValuePair key="c_qpllpd_q10" value="0" description="" />
   <keyValuePair key="c_qpllpd_q11" value="0" description="" />
   <keyValuePair key="c_qpllpd_q12" value="0" description="" />
   <keyValuePair key="c_qpllpd_q13" value="0" description="" />
   <keyValuePair key="c_qpllpd_q14" value="0" description="" />
   <keyValuePair key="c_qpllpd_q15" value="0" description="" />
   <keyValuePair key="c_qpllpd_q2" value="0" description="" />
   <keyValuePair key="c_qpllpd_q3" value="0" description="" />
   <keyValuePair key="c_qpllpd_q4" value="0" description="" />
   <keyValuePair key="c_qpllpd_q5" value="0" description="" />
   <keyValuePair key="c_qpllpd_q6" value="0" description="" />
   <keyValuePair key="c_qpllpd_q7" value="0" description="" />
   <keyValuePair key="c_qpllpd_q8" value="0" description="" />
   <keyValuePair key="c_qpllpd_q9" value="0" description="" />
   <keyValuePair key="c_qpllrefclksel_q0" value="010" description="" />
   <keyValuePair key="c_qpllrefclksel_q1" value="000" description="" />
   <keyValuePair key="c_qpllrefclksel_q10" value="000" description="" />
   <keyValuePair key="c_qpllrefclksel_q11" value="000" description="" />
   <keyValuePair key="c_qpllrefclksel_q12" value="000" description="" />
   <keyValuePair key="c_qpllrefclksel_q13" value="000" description="" />
   <keyValuePair key="c_qpllrefclksel_q14" value="000" description="" />
   <keyValuePair key="c_qpllrefclksel_q15" value="000" description="" />
   <keyValuePair key="c_qpllrefclksel_q2" value="000" description="" />
   <keyValuePair key="c_qpllrefclksel_q3" value="000" description="" />
   <keyValuePair key="c_qpllrefclksel_q4" value="000" description="" />
   <keyValuePair key="c_qpllrefclksel_q5" value="000" description="" />
   <keyValuePair key="c_qpllrefclksel_q6" value="000" description="" />
   <keyValuePair key="c_qpllrefclksel_q7" value="000" description="" />
   <keyValuePair key="c_qpllrefclksel_q8" value="000" description="" />
   <keyValuePair key="c_qpllrefclksel_q9" value="000" description="" />
   <keyValuePair key="c_refclk_index_q0" value="1" description="" />
   <keyValuePair key="c_refclk_index_q1" value="0" description="" />
   <keyValuePair key="c_refclk_index_q10" value="0" description="" />
   <keyValuePair key="c_refclk_index_q11" value="0" description="" />
   <keyValuePair key="c_refclk_index_q12" value="0" description="" />
   <keyValuePair key="c_refclk_index_q13" value="0" description="" />
   <keyValuePair key="c_refclk_index_q14" value="0" description="" />
   <keyValuePair key="c_refclk_index_q15" value="0" description="" />
   <keyValuePair key="c_refclk_index_q2" value="0" description="" />
   <keyValuePair key="c_refclk_index_q3" value="0" description="" />
   <keyValuePair key="c_refclk_index_q4" value="0" description="" />
   <keyValuePair key="c_refclk_index_q5" value="0" description="" />
   <keyValuePair key="c_refclk_index_q6" value="0" description="" />
   <keyValuePair key="c_refclk_index_q7" value="0" description="" />
   <keyValuePair key="c_refclk_index_q8" value="0" description="" />
   <keyValuePair key="c_refclk_index_q9" value="0" description="" />
   <keyValuePair key="c_refclk_source_quad_0" value="MGTREFCLK1_116" description="" />
   <keyValuePair key="c_refclk_source_quad_1" value="None" description="" />
   <keyValuePair key="c_refclk_source_quad_10" value="None" description="" />
   <keyValuePair key="c_refclk_source_quad_11" value="None" description="" />
   <keyValuePair key="c_refclk_source_quad_12" value="None" description="" />
   <keyValuePair key="c_refclk_source_quad_13" value="None" description="" />
   <keyValuePair key="c_refclk_source_quad_14" value="None" description="" />
   <keyValuePair key="c_refclk_source_quad_15" value="None" description="" />
   <keyValuePair key="c_refclk_source_quad_2" value="None" description="" />
   <keyValuePair key="c_refclk_source_quad_3" value="None" description="" />
   <keyValuePair key="c_refclk_source_quad_4" value="None" description="" />
   <keyValuePair key="c_refclk_source_quad_5" value="None" description="" />
   <keyValuePair key="c_refclk_source_quad_6" value="None" description="" />
   <keyValuePair key="c_refclk_source_quad_7" value="None" description="" />
   <keyValuePair key="c_refclk_source_quad_8" value="None" description="" />
   <keyValuePair key="c_refclk_source_quad_9" value="None" description="" />
   <keyValuePair key="c_rxoutclk_frequency" value="187.5" description="" />
   <keyValuePair key="c_rxoutclk_gt_location" value="QUAD_115" description="" />
   <keyValuePair key="c_rxoutclk_is_diff" value="1" description="" />
   <keyValuePair key="c_rxoutclk_n_pin_location" value="UNASSIGNED" description="" />
   <keyValuePair key="c_rxoutclk_pin_location" value="UNASSIGNED" description="" />
   <keyValuePair key="c_rxoutclk_pin_std" value="DIFF_SSTL15" description="" />
   <keyValuePair key="c_rxoutclk_source_value" value="0" description="" />
   <keyValuePair key="c_rxsysclksel_q0" value="11" description="" />
   <keyValuePair key="c_rxsysclksel_q1" value="00" description="" />
   <keyValuePair key="c_rxsysclksel_q10" value="00" description="" />
   <keyValuePair key="c_rxsysclksel_q11" value="00" description="" />
   <keyValuePair key="c_rxsysclksel_q12" value="00" description="" />
   <keyValuePair key="c_rxsysclksel_q13" value="00" description="" />
   <keyValuePair key="c_rxsysclksel_q14" value="00" description="" />
   <keyValuePair key="c_rxsysclksel_q15" value="00" description="" />
   <keyValuePair key="c_rxsysclksel_q2" value="00" description="" />
   <keyValuePair key="c_rxsysclksel_q3" value="00" description="" />
   <keyValuePair key="c_rxsysclksel_q4" value="00" description="" />
   <keyValuePair key="c_rxsysclksel_q5" value="00" description="" />
   <keyValuePair key="c_rxsysclksel_q6" value="00" description="" />
   <keyValuePair key="c_rxsysclksel_q7" value="00" description="" />
   <keyValuePair key="c_rxsysclksel_q8" value="00" description="" />
   <keyValuePair key="c_rxsysclksel_q9" value="00" description="" />
   <keyValuePair key="c_rxusr_driver_q0" value="11111110" description="" />
   <keyValuePair key="c_rxusr_driver_q1" value="00000000" description="" />
   <keyValuePair key="c_rxusr_driver_q10" value="00000000" description="" />
   <keyValuePair key="c_rxusr_driver_q11" value="00000000" description="" />
   <keyValuePair key="c_rxusr_driver_q12" value="00000000" description="" />
   <keyValuePair key="c_rxusr_driver_q13" value="00000000" description="" />
   <keyValuePair key="c_rxusr_driver_q14" value="00000000" description="" />
   <keyValuePair key="c_rxusr_driver_q15" value="00000000" description="" />
   <keyValuePair key="c_rxusr_driver_q2" value="00000000" description="" />
   <keyValuePair key="c_rxusr_driver_q3" value="00000000" description="" />
   <keyValuePair key="c_rxusr_driver_q4" value="00000000" description="" />
   <keyValuePair key="c_rxusr_driver_q5" value="00000000" description="" />
   <keyValuePair key="c_rxusr_driver_q6" value="00000000" description="" />
   <keyValuePair key="c_rxusr_driver_q7" value="00000000" description="" />
   <keyValuePair key="c_rxusr_driver_q8" value="00000000" description="" />
   <keyValuePair key="c_rxusr_driver_q9" value="00000000" description="" />
   <keyValuePair key="c_share_north_clk0_q0" value="0" description="" />
   <keyValuePair key="c_share_north_clk0_q1" value="0" description="" />
   <keyValuePair key="c_share_north_clk0_q10" value="0" description="" />
   <keyValuePair key="c_share_north_clk0_q11" value="0" description="" />
   <keyValuePair key="c_share_north_clk0_q12" value="0" description="" />
   <keyValuePair key="c_share_north_clk0_q13" value="0" description="" />
   <keyValuePair key="c_share_north_clk0_q14" value="0" description="" />
   <keyValuePair key="c_share_north_clk0_q15" value="0" description="" />
   <keyValuePair key="c_share_north_clk0_q2" value="0" description="" />
   <keyValuePair key="c_share_north_clk0_q3" value="0" description="" />
   <keyValuePair key="c_share_north_clk0_q4" value="0" description="" />
   <keyValuePair key="c_share_north_clk0_q5" value="0" description="" />
   <keyValuePair key="c_share_north_clk0_q6" value="0" description="" />
   <keyValuePair key="c_share_north_clk0_q7" value="0" description="" />
   <keyValuePair key="c_share_north_clk0_q8" value="0" description="" />
   <keyValuePair key="c_share_north_clk0_q9" value="0" description="" />
   <keyValuePair key="c_share_north_clk1_q0" value="0" description="" />
   <keyValuePair key="c_share_north_clk1_q1" value="0" description="" />
   <keyValuePair key="c_share_north_clk1_q10" value="0" description="" />
   <keyValuePair key="c_share_north_clk1_q11" value="0" description="" />
   <keyValuePair key="c_share_north_clk1_q12" value="0" description="" />
   <keyValuePair key="c_share_north_clk1_q13" value="0" description="" />
   <keyValuePair key="c_share_north_clk1_q14" value="0" description="" />
   <keyValuePair key="c_share_north_clk1_q15" value="0" description="" />
   <keyValuePair key="c_share_north_clk1_q2" value="0" description="" />
   <keyValuePair key="c_share_north_clk1_q3" value="0" description="" />
   <keyValuePair key="c_share_north_clk1_q4" value="0" description="" />
   <keyValuePair key="c_share_north_clk1_q5" value="0" description="" />
   <keyValuePair key="c_share_north_clk1_q6" value="0" description="" />
   <keyValuePair key="c_share_north_clk1_q7" value="0" description="" />
   <keyValuePair key="c_share_north_clk1_q8" value="0" description="" />
   <keyValuePair key="c_share_north_clk1_q9" value="0" description="" />
   <keyValuePair key="c_share_south_clk0_q0" value="0" description="" />
   <keyValuePair key="c_share_south_clk0_q1" value="0" description="" />
   <keyValuePair key="c_share_south_clk0_q10" value="0" description="" />
   <keyValuePair key="c_share_south_clk0_q11" value="0" description="" />
   <keyValuePair key="c_share_south_clk0_q12" value="0" description="" />
   <keyValuePair key="c_share_south_clk0_q13" value="0" description="" />
   <keyValuePair key="c_share_south_clk0_q14" value="0" description="" />
   <keyValuePair key="c_share_south_clk0_q15" value="0" description="" />
   <keyValuePair key="c_share_south_clk0_q2" value="0" description="" />
   <keyValuePair key="c_share_south_clk0_q3" value="0" description="" />
   <keyValuePair key="c_share_south_clk0_q4" value="0" description="" />
   <keyValuePair key="c_share_south_clk0_q5" value="0" description="" />
   <keyValuePair key="c_share_south_clk0_q6" value="0" description="" />
   <keyValuePair key="c_share_south_clk0_q7" value="0" description="" />
   <keyValuePair key="c_share_south_clk0_q8" value="0" description="" />
   <keyValuePair key="c_share_south_clk0_q9" value="0" description="" />
   <keyValuePair key="c_share_south_clk1_q0" value="1" description="" />
   <keyValuePair key="c_share_south_clk1_q1" value="0" description="" />
   <keyValuePair key="c_share_south_clk1_q10" value="0" description="" />
   <keyValuePair key="c_share_south_clk1_q11" value="0" description="" />
   <keyValuePair key="c_share_south_clk1_q12" value="0" description="" />
   <keyValuePair key="c_share_south_clk1_q13" value="0" description="" />
   <keyValuePair key="c_share_south_clk1_q14" value="0" description="" />
   <keyValuePair key="c_share_south_clk1_q15" value="0" description="" />
   <keyValuePair key="c_share_south_clk1_q2" value="0" description="" />
   <keyValuePair key="c_share_south_clk1_q3" value="0" description="" />
   <keyValuePair key="c_share_south_clk1_q4" value="0" description="" />
   <keyValuePair key="c_share_south_clk1_q5" value="0" description="" />
   <keyValuePair key="c_share_south_clk1_q6" value="0" description="" />
   <keyValuePair key="c_share_south_clk1_q7" value="0" description="" />
   <keyValuePair key="c_share_south_clk1_q8" value="0" description="" />
   <keyValuePair key="c_share_south_clk1_q9" value="0" description="" />
   <keyValuePair key="c_si_ver" value="0x0300" description="" />
   <keyValuePair key="c_sysclk_divider" value="1" description="" />
   <keyValuePair key="c_sysclk_frequency" value="100" description="" />
   <keyValuePair key="c_sysclk_io_pin_loc_n" value="AD9" description="" />
   <keyValuePair key="c_sysclk_io_pin_loc_p" value="F17" description="" />
   <keyValuePair key="c_sysclk_io_pin_std" value="LVCMOS33" description="" />
   <keyValuePair key="c_sysclk_is_diff" value="0" description="" />
   <keyValuePair key="c_sysclk_mode_external" value="1" description="" />
   <keyValuePair key="c_sysclock_refclk0_source" value="0" description="" />
   <keyValuePair key="c_sysclock_refclk1_source" value="0" description="" />
   <keyValuePair key="c_sysclock_source_int" value="External" description="" />
   <keyValuePair key="c_sysclock_source_value" value="0" description="" />
   <keyValuePair key="c_txsysclksel_q0" value="11" description="" />
   <keyValuePair key="c_txsysclksel_q1" value="00" description="" />
   <keyValuePair key="c_txsysclksel_q10" value="00" description="" />
   <keyValuePair key="c_txsysclksel_q11" value="00" description="" />
   <keyValuePair key="c_txsysclksel_q12" value="00" description="" />
   <keyValuePair key="c_txsysclksel_q13" value="00" description="" />
   <keyValuePair key="c_txsysclksel_q14" value="00" description="" />
   <keyValuePair key="c_txsysclksel_q15" value="00" description="" />
   <keyValuePair key="c_txsysclksel_q2" value="00" description="" />
   <keyValuePair key="c_txsysclksel_q3" value="00" description="" />
   <keyValuePair key="c_txsysclksel_q4" value="00" description="" />
   <keyValuePair key="c_txsysclksel_q5" value="00" description="" />
   <keyValuePair key="c_txsysclksel_q6" value="00" description="" />
   <keyValuePair key="c_txsysclksel_q7" value="00" description="" />
   <keyValuePair key="c_txsysclksel_q8" value="00" description="" />
   <keyValuePair key="c_txsysclksel_q9" value="00" description="" />
   <keyValuePair key="c_txusr_driver_q0" value="00000000" description="" />
   <keyValuePair key="c_txusr_driver_q1" value="11111111" description="" />
   <keyValuePair key="c_txusr_driver_q10" value="11111111" description="" />
   <keyValuePair key="c_txusr_driver_q11" value="11111111" description="" />
   <keyValuePair key="c_txusr_driver_q12" value="11111111" description="" />
   <keyValuePair key="c_txusr_driver_q13" value="11111111" description="" />
   <keyValuePair key="c_txusr_driver_q14" value="11111111" description="" />
   <keyValuePair key="c_txusr_driver_q15" value="11111111" description="" />
   <keyValuePair key="c_txusr_driver_q2" value="11111111" description="" />
   <keyValuePair key="c_txusr_driver_q3" value="11111111" description="" />
   <keyValuePair key="c_txusr_driver_q4" value="11111111" description="" />
   <keyValuePair key="c_txusr_driver_q5" value="11111111" description="" />
   <keyValuePair key="c_txusr_driver_q6" value="11111111" description="" />
   <keyValuePair key="c_txusr_driver_q7" value="11111111" description="" />
   <keyValuePair key="c_txusr_driver_q8" value="11111111" description="" />
   <keyValuePair key="c_txusr_driver_q9" value="11111111" description="" />
   <keyValuePair key="c_xdevice" value="xc7k325ti" description="" />
   <keyValuePair key="c_xsdb_period_frc" value="0" description="" />
   <keyValuePair key="c_xsdb_period_int" value="10" description="" />
   <keyValuePair key="c_xspeedgrade" value="-2L" description="" />
   <keyValuePair key="core_container" value="NA" description="" />
   <keyValuePair key="iptotal" value="1" description="" />
   <keyValuePair key="x_ipcorerevision" value="15" description="" />
   <keyValuePair key="x_iplanguage" value="VERILOG" description="" />
   <keyValuePair key="x_iplibrary" value="ip" description="" />
   <keyValuePair key="x_ipname" value="ibert_7series_gtx" description="" />
   <keyValuePair key="x_ipproduct" value="Vivado 2016.4" description="" />
   <keyValuePair key="x_ipsimlanguage" value="MIXED" description="" />
   <keyValuePair key="x_ipvendor" value="xilinx.com" description="" />
   <keyValuePair key="x_ipversion" value="3.0" description="" />
  </section>
 </section>
 <section name="report_drc" level="1" order="4" description="">
  <section name="command_line_options" level="2" order="1" description="">
   <keyValuePair key="-append" value="default::[not_specified]" description="" />
   <keyValuePair key="-checks" value="default::[not_specified]" description="" />
   <keyValuePair key="-fail_on" value="default::[not_specified]" description="" />
   <keyValuePair key="-force" value="default::[not_specified]" description="" />
   <keyValuePair key="-format" value="default::[not_specified]" description="" />
   <keyValuePair key="-messages" value="default::[not_specified]" description="" />
   <keyValuePair key="-name" value="default::[not_specified]" description="" />
   <keyValuePair key="-return_string" value="default::[not_specified]" description="" />
   <keyValuePair key="-ruledecks" value="default::[not_specified]" description="" />
   <keyValuePair key="-upgrade_cw" value="default::[not_specified]" description="" />
  </section>
  <section name="results" level="2" order="2" description="">
   <keyValuePair key="cfgbvs-1" value="1" description="" />
  </section>
 </section>
 <section name="report_utilization" level="1" order="5" description="">
  <section name="clocking" level="2" order="1" description="">
   <keyValuePair key="bufgctrl_available" value="32" description="" />
   <keyValuePair key="bufgctrl_fixed" value="0" description="" />
   <keyValuePair key="bufgctrl_used" value="2" description="" />
   <keyValuePair key="bufgctrl_util_percentage" value="6.25" description="" />
   <keyValuePair key="bufhce_available" value="168" description="" />
   <keyValuePair key="bufhce_fixed" value="5" description="" />
   <keyValuePair key="bufhce_used" value="5" description="" />
   <keyValuePair key="bufhce_util_percentage" value="2.98" description="" />
   <keyValuePair key="bufio_available" value="40" description="" />
   <keyValuePair key="bufio_fixed" value="0" description="" />
   <keyValuePair key="bufio_used" value="0" description="" />
   <keyValuePair key="bufio_util_percentage" value="0.00" description="" />
   <keyValuePair key="bufmrce_available" value="20" description="" />
   <keyValuePair key="bufmrce_fixed" value="0" description="" />
   <keyValuePair key="bufmrce_used" value="0" description="" />
   <keyValuePair key="bufmrce_util_percentage" value="0.00" description="" />
   <keyValuePair key="bufr_available" value="40" description="" />
   <keyValuePair key="bufr_fixed" value="0" description="" />
   <keyValuePair key="bufr_used" value="1" description="" />
   <keyValuePair key="bufr_util_percentage" value="2.50" description="" />
   <keyValuePair key="mmcme2_adv_available" value="10" description="" />
   <keyValuePair key="mmcme2_adv_fixed" value="0" description="" />
   <keyValuePair key="mmcme2_adv_used" value="1" description="" />
   <keyValuePair key="mmcme2_adv_util_percentage" value="10.00" description="" />
   <keyValuePair key="plle2_adv_available" value="10" description="" />
   <keyValuePair key="plle2_adv_fixed" value="0" description="" />
   <keyValuePair key="plle2_adv_used" value="0" description="" />
   <keyValuePair key="plle2_adv_util_percentage" value="0.00" description="" />
  </section>
  <section name="dsp" level="2" order="2" description="">
   <keyValuePair key="dsps_available" value="840" description="" />
   <keyValuePair key="dsps_fixed" value="0" description="" />
   <keyValuePair key="dsps_used" value="0" description="" />
   <keyValuePair key="dsps_util_percentage" value="0.00" description="" />
  </section>
  <section name="io_standard" level="2" order="3" description="">
   <keyValuePair key="blvds_25" value="0" description="" />
   <keyValuePair key="diff_hstl_i" value="0" description="" />
   <keyValuePair key="diff_hstl_i_18" value="0" description="" />
   <keyValuePair key="diff_hstl_i_dci" value="0" description="" />
   <keyValuePair key="diff_hstl_i_dci_18" value="0" description="" />
   <keyValuePair key="diff_hstl_ii" value="0" description="" />
   <keyValuePair key="diff_hstl_ii_18" value="1" description="" />
   <keyValuePair key="diff_hstl_ii_dci" value="0" description="" />
   <keyValuePair key="diff_hstl_ii_dci_18" value="0" description="" />
   <keyValuePair key="diff_hstl_ii_t_dci" value="0" description="" />
   <keyValuePair key="diff_hstl_ii_t_dci_18" value="0" description="" />
   <keyValuePair key="diff_hsul_12" value="0" description="" />
   <keyValuePair key="diff_hsul_12_dci" value="0" description="" />
   <keyValuePair key="diff_mobile_ddr" value="0" description="" />
   <keyValuePair key="diff_sstl12" value="0" description="" />
   <keyValuePair key="diff_sstl12_dci" value="0" description="" />
   <keyValuePair key="diff_sstl12_t_dci" value="0" description="" />
   <keyValuePair key="diff_sstl135" value="0" description="" />
   <keyValuePair key="diff_sstl135_dci" value="0" description="" />
   <keyValuePair key="diff_sstl135_r" value="0" description="" />
   <keyValuePair key="diff_sstl135_t_dci" value="0" description="" />
   <keyValuePair key="diff_sstl15" value="0" description="" />
   <keyValuePair key="diff_sstl15_dci" value="0" description="" />
   <keyValuePair key="diff_sstl15_r" value="0" description="" />
   <keyValuePair key="diff_sstl15_t_dci" value="0" description="" />
   <keyValuePair key="diff_sstl18_i" value="0" description="" />
   <keyValuePair key="diff_sstl18_i_dci" value="0" description="" />
   <keyValuePair key="diff_sstl18_ii" value="0" description="" />
   <keyValuePair key="diff_sstl18_ii_dci" value="0" description="" />
   <keyValuePair key="diff_sstl18_ii_t_dci" value="0" description="" />
   <keyValuePair key="hslvdci_15" value="0" description="" />
   <keyValuePair key="hslvdci_18" value="0" description="" />
   <keyValuePair key="hstl_i" value="0" description="" />
   <keyValuePair key="hstl_i_12" value="0" description="" />
   <keyValuePair key="hstl_i_18" value="0" description="" />
   <keyValuePair key="hstl_i_dci" value="0" description="" />
   <keyValuePair key="hstl_i_dci_18" value="0" description="" />
   <keyValuePair key="hstl_ii" value="0" description="" />
   <keyValuePair key="hstl_ii_18" value="0" description="" />
   <keyValuePair key="hstl_ii_dci" value="0" description="" />
   <keyValuePair key="hstl_ii_dci_18" value="0" description="" />
   <keyValuePair key="hstl_ii_t_dci" value="0" description="" />
   <keyValuePair key="hstl_ii_t_dci_18" value="0" description="" />
   <keyValuePair key="hsul_12" value="0" description="" />
   <keyValuePair key="hsul_12_dci" value="0" description="" />
   <keyValuePair key="lvcmos12" value="0" description="" />
   <keyValuePair key="lvcmos15" value="0" description="" />
   <keyValuePair key="lvcmos18" value="1" description="" />
   <keyValuePair key="lvcmos25" value="0" description="" />
   <keyValuePair key="lvcmos33" value="1" description="" />
   <keyValuePair key="lvdci_15" value="0" description="" />
   <keyValuePair key="lvdci_18" value="0" description="" />
   <keyValuePair key="lvdci_dv2_15" value="0" description="" />
   <keyValuePair key="lvdci_dv2_18" value="0" description="" />
   <keyValuePair key="lvds" value="0" description="" />
   <keyValuePair key="lvds_25" value="0" description="" />
   <keyValuePair key="lvttl" value="0" description="" />
   <keyValuePair key="mini_lvds_25" value="0" description="" />
   <keyValuePair key="mobile_ddr" value="0" description="" />
   <keyValuePair key="pci33_3" value="0" description="" />
   <keyValuePair key="ppds_25" value="0" description="" />
   <keyValuePair key="rsds_25" value="0" description="" />
   <keyValuePair key="sstl12" value="0" description="" />
   <keyValuePair key="sstl12_dci" value="0" description="" />
   <keyValuePair key="sstl12_t_dci" value="0" description="" />
   <keyValuePair key="sstl135" value="0" description="" />
   <keyValuePair key="sstl135_dci" value="0" description="" />
   <keyValuePair key="sstl135_r" value="0" description="" />
   <keyValuePair key="sstl135_t_dci" value="0" description="" />
   <keyValuePair key="sstl15" value="0" description="" />
   <keyValuePair key="sstl15_dci" value="0" description="" />
   <keyValuePair key="sstl15_r" value="0" description="" />
   <keyValuePair key="sstl15_t_dci" value="0" description="" />
   <keyValuePair key="sstl18_i" value="0" description="" />
   <keyValuePair key="sstl18_i_dci" value="0" description="" />
   <keyValuePair key="sstl18_ii" value="0" description="" />
   <keyValuePair key="sstl18_ii_dci" value="0" description="" />
   <keyValuePair key="sstl18_ii_t_dci" value="0" description="" />
   <keyValuePair key="tmds_33" value="0" description="" />
  </section>
  <section name="memory" level="2" order="4" description="">
   <keyValuePair key="block_ram_tile_available" value="445" description="" />
   <keyValuePair key="block_ram_tile_fixed" value="0" description="" />
   <keyValuePair key="block_ram_tile_used" value="0" description="" />
   <keyValuePair key="block_ram_tile_util_percentage" value="0.00" description="" />
   <keyValuePair key="ramb18_available" value="890" description="" />
   <keyValuePair key="ramb18_fixed" value="0" description="" />
   <keyValuePair key="ramb18_used" value="0" description="" />
   <keyValuePair key="ramb18_util_percentage" value="0.00" description="" />
   <keyValuePair key="ramb36_fifo_available" value="445" description="" />
   <keyValuePair key="ramb36_fifo_fixed" value="0" description="" />
   <keyValuePair key="ramb36_fifo_used" value="0" description="" />
   <keyValuePair key="ramb36_fifo_util_percentage" value="0.00" description="" />
  </section>
  <section name="primitives" level="2" order="5" description="">
   <keyValuePair key="bscane2_functional_category" value="Others" description="" />
   <keyValuePair key="bscane2_used" value="1" description="" />
   <keyValuePair key="bufg_functional_category" value="Clock" description="" />
   <keyValuePair key="bufg_used" value="2" description="" />
   <keyValuePair key="bufh_functional_category" value="Clock" description="" />
   <keyValuePair key="bufh_used" value="5" description="" />
   <keyValuePair key="bufr_functional_category" value="Clock" description="" />
   <keyValuePair key="bufr_used" value="1" description="" />
   <keyValuePair key="carry4_functional_category" value="CarryLogic" description="" />
   <keyValuePair key="carry4_used" value="322" description="" />
   <keyValuePair key="fdce_functional_category" value="Flop &amp; Latch" description="" />
   <keyValuePair key="fdce_used" value="267" description="" />
   <keyValuePair key="fdpe_functional_category" value="Flop &amp; Latch" description="" />
   <keyValuePair key="fdpe_used" value="49" description="" />
   <keyValuePair key="fdre_functional_category" value="Flop &amp; Latch" description="" />
   <keyValuePair key="fdre_used" value="11175" description="" />
   <keyValuePair key="fdse_functional_category" value="Flop &amp; Latch" description="" />
   <keyValuePair key="fdse_used" value="288" description="" />
   <keyValuePair key="gtxe2_channel_functional_category" value="IO" description="" />
   <keyValuePair key="gtxe2_channel_used" value="4" description="" />
   <keyValuePair key="gtxe2_common_functional_category" value="IO" description="" />
   <keyValuePair key="gtxe2_common_used" value="1" description="" />
   <keyValuePair key="ibuf_functional_category" value="IO" description="" />
   <keyValuePair key="ibuf_used" value="11" description="" />
   <keyValuePair key="ibufds_gte2_functional_category" value="IO" description="" />
   <keyValuePair key="ibufds_gte2_used" value="1" description="" />
   <keyValuePair key="lut1_functional_category" value="LUT" description="" />
   <keyValuePair key="lut1_used" value="542" description="" />
   <keyValuePair key="lut2_functional_category" value="LUT" description="" />
   <keyValuePair key="lut2_used" value="1343" description="" />
   <keyValuePair key="lut3_functional_category" value="LUT" description="" />
   <keyValuePair key="lut3_used" value="606" description="" />
   <keyValuePair key="lut4_functional_category" value="LUT" description="" />
   <keyValuePair key="lut4_used" value="549" description="" />
   <keyValuePair key="lut5_functional_category" value="LUT" description="" />
   <keyValuePair key="lut5_used" value="1174" description="" />
   <keyValuePair key="lut6_functional_category" value="LUT" description="" />
   <keyValuePair key="lut6_used" value="2224" description="" />
   <keyValuePair key="mmcme2_adv_functional_category" value="Clock" description="" />
   <keyValuePair key="mmcme2_adv_used" value="1" description="" />
   <keyValuePair key="muxf7_functional_category" value="MuxFx" description="" />
   <keyValuePair key="muxf7_used" value="397" description="" />
   <keyValuePair key="obuf_functional_category" value="IO" description="" />
   <keyValuePair key="obuf_used" value="8" description="" />
   <keyValuePair key="ramd32_functional_category" value="Distributed Memory" description="" />
   <keyValuePair key="ramd32_used" value="36" description="" />
   <keyValuePair key="rams32_functional_category" value="Distributed Memory" description="" />
   <keyValuePair key="rams32_used" value="12" description="" />
   <keyValuePair key="srl16e_functional_category" value="Distributed Memory" description="" />
   <keyValuePair key="srl16e_used" value="128" description="" />
  </section>
  <section name="slice_logic" level="2" order="6" description="">
   <keyValuePair key="f7_muxes_available" value="101900" description="" />
   <keyValuePair key="f7_muxes_fixed" value="0" description="" />
   <keyValuePair key="f7_muxes_used" value="397" description="" />
   <keyValuePair key="f7_muxes_util_percentage" value="0.39" description="" />
   <keyValuePair key="f8_muxes_available" value="50950" description="" />
   <keyValuePair key="f8_muxes_fixed" value="0" description="" />
   <keyValuePair key="f8_muxes_used" value="0" description="" />
   <keyValuePair key="f8_muxes_util_percentage" value="0.00" description="" />
   <keyValuePair key="fully_used_lut_ff_pairs_fixed" value="2.89" description="" />
   <keyValuePair key="fully_used_lut_ff_pairs_used" value="517" description="" />
   <keyValuePair key="lut_as_distributed_ram_fixed" value="0" description="" />
   <keyValuePair key="lut_as_distributed_ram_fixed" value="0" description="" />
   <keyValuePair key="lut_as_distributed_ram_used" value="24" description="" />
   <keyValuePair key="lut_as_distributed_ram_used" value="24" description="" />
   <keyValuePair key="lut_as_logic_available" value="203800" description="" />
   <keyValuePair key="lut_as_logic_available" value="203800" description="" />
   <keyValuePair key="lut_as_logic_fixed" value="0" description="" />
   <keyValuePair key="lut_as_logic_fixed" value="0" description="" />
   <keyValuePair key="lut_as_logic_used" value="5691" description="" />
   <keyValuePair key="lut_as_logic_used" value="5691" description="" />
   <keyValuePair key="lut_as_logic_util_percentage" value="2.79" description="" />
   <keyValuePair key="lut_as_logic_util_percentage" value="2.79" description="" />
   <keyValuePair key="lut_as_memory_available" value="64000" description="" />
   <keyValuePair key="lut_as_memory_available" value="64000" description="" />
   <keyValuePair key="lut_as_memory_fixed" value="0" description="" />
   <keyValuePair key="lut_as_memory_fixed" value="0" description="" />
   <keyValuePair key="lut_as_memory_used" value="88" description="" />
   <keyValuePair key="lut_as_memory_used" value="88" description="" />
   <keyValuePair key="lut_as_memory_util_percentage" value="0.14" description="" />
   <keyValuePair key="lut_as_memory_util_percentage" value="0.14" description="" />
   <keyValuePair key="lut_as_shift_register_fixed" value="0" description="" />
   <keyValuePair key="lut_as_shift_register_fixed" value="0" description="" />
   <keyValuePair key="lut_as_shift_register_used" value="64" description="" />
   <keyValuePair key="lut_as_shift_register_used" value="64" description="" />
   <keyValuePair key="lut_ff_pairs_with_one_unused_flip_flop_fixed" value="64" description="" />
   <keyValuePair key="lut_ff_pairs_with_one_unused_flip_flop_used" value="1115" description="" />
   <keyValuePair key="lut_ff_pairs_with_one_unused_lut_output_fixed" value="1115" description="" />
   <keyValuePair key="lut_ff_pairs_with_one_unused_lut_output_used" value="1458" description="" />
   <keyValuePair key="lut_flip_flop_pairs_available" value="203800" description="" />
   <keyValuePair key="lut_flip_flop_pairs_fixed" value="0" description="" />
   <keyValuePair key="lut_flip_flop_pairs_used" value="2055" description="" />
   <keyValuePair key="lut_flip_flop_pairs_util_percentage" value="1.01" description="" />
   <keyValuePair key="register_as_flip_flop_available" value="407600" description="" />
   <keyValuePair key="register_as_flip_flop_fixed" value="0" description="" />
   <keyValuePair key="register_as_flip_flop_used" value="11779" description="" />
   <keyValuePair key="register_as_flip_flop_util_percentage" value="2.89" description="" />
   <keyValuePair key="register_as_latch_available" value="407600" description="" />
   <keyValuePair key="register_as_latch_fixed" value="0" description="" />
   <keyValuePair key="register_as_latch_used" value="0" description="" />
   <keyValuePair key="register_as_latch_util_percentage" value="0.00" description="" />
   <keyValuePair key="slice_available" value="50950" description="" />
   <keyValuePair key="slice_fixed" value="0" description="" />
   <keyValuePair key="slice_luts_available" value="203800" description="" />
   <keyValuePair key="slice_luts_fixed" value="0" description="" />
   <keyValuePair key="slice_luts_used" value="5779" description="" />
   <keyValuePair key="slice_luts_util_percentage" value="2.84" description="" />
   <keyValuePair key="slice_registers_available" value="407600" description="" />
   <keyValuePair key="slice_registers_fixed" value="0" description="" />
   <keyValuePair key="slice_registers_used" value="11779" description="" />
   <keyValuePair key="slice_registers_util_percentage" value="2.89" description="" />
   <keyValuePair key="slice_used" value="3503" description="" />
   <keyValuePair key="slice_util_percentage" value="6.88" description="" />
   <keyValuePair key="slicel_fixed" value="0" description="" />
   <keyValuePair key="slicel_used" value="2287" description="" />
   <keyValuePair key="slicem_fixed" value="0" description="" />
   <keyValuePair key="slicem_used" value="1216" description="" />
   <keyValuePair key="unique_control_sets_used" value="395" description="" />
   <keyValuePair key="using_o5_and_o6_fixed" value="395" description="" />
   <keyValuePair key="using_o5_and_o6_used" value="64" description="" />
   <keyValuePair key="using_o5_output_only_fixed" value="64" description="" />
   <keyValuePair key="using_o5_output_only_used" value="0" description="" />
   <keyValuePair key="using_o6_output_only_fixed" value="0" description="" />
   <keyValuePair key="using_o6_output_only_used" value="0" description="" />
  </section>
  <section name="specific_feature" level="2" order="7" description="">
   <keyValuePair key="bscane2_available" value="4" description="" />
   <keyValuePair key="bscane2_fixed" value="0" description="" />
   <keyValuePair key="bscane2_used" value="1" description="" />
   <keyValuePair key="bscane2_util_percentage" value="25.00" description="" />
   <keyValuePair key="capturee2_available" value="1" description="" />
   <keyValuePair key="capturee2_fixed" value="0" description="" />
   <keyValuePair key="capturee2_used" value="0" description="" />
   <keyValuePair key="capturee2_util_percentage" value="0.00" description="" />
   <keyValuePair key="dna_port_available" value="1" description="" />
   <keyValuePair key="dna_port_fixed" value="0" description="" />
   <keyValuePair key="dna_port_used" value="0" description="" />
   <keyValuePair key="dna_port_util_percentage" value="0.00" description="" />
   <keyValuePair key="efuse_usr_available" value="1" description="" />
   <keyValuePair key="efuse_usr_fixed" value="0" description="" />
   <keyValuePair key="efuse_usr_used" value="0" description="" />
   <keyValuePair key="efuse_usr_util_percentage" value="0.00" description="" />
   <keyValuePair key="frame_ecce2_available" value="1" description="" />
   <keyValuePair key="frame_ecce2_fixed" value="0" description="" />
   <keyValuePair key="frame_ecce2_used" value="0" description="" />
   <keyValuePair key="frame_ecce2_util_percentage" value="0.00" description="" />
   <keyValuePair key="icape2_available" value="2" description="" />
   <keyValuePair key="icape2_fixed" value="0" description="" />
   <keyValuePair key="icape2_used" value="0" description="" />
   <keyValuePair key="icape2_util_percentage" value="0.00" description="" />
   <keyValuePair key="pcie_2_1_available" value="1" description="" />
   <keyValuePair key="pcie_2_1_fixed" value="0" description="" />
   <keyValuePair key="pcie_2_1_used" value="0" description="" />
   <keyValuePair key="pcie_2_1_util_percentage" value="0.00" description="" />
   <keyValuePair key="startupe2_available" value="1" description="" />
   <keyValuePair key="startupe2_fixed" value="0" description="" />
   <keyValuePair key="startupe2_used" value="0" description="" />
   <keyValuePair key="startupe2_util_percentage" value="0.00" description="" />
   <keyValuePair key="xadc_available" value="1" description="" />
   <keyValuePair key="xadc_fixed" value="0" description="" />
   <keyValuePair key="xadc_used" value="0" description="" />
   <keyValuePair key="xadc_util_percentage" value="0.00" description="" />
  </section>
 </section>
 <section name="router" level="1" order="6" description="">
  <section name="usage" level="2" order="1" description="">
   <keyValuePair key="actual_expansions" value="8088936" description="" />
   <keyValuePair key="bogomips" value="0" description="" />
   <keyValuePair key="bram18" value="0" description="" />
   <keyValuePair key="bram36" value="0" description="" />
   <keyValuePair key="bufg" value="0" description="" />
   <keyValuePair key="bufr" value="1" description="" />
   <keyValuePair key="congestion_level" value="2" description="" />
   <keyValuePair key="ctrls" value="395" description="" />
   <keyValuePair key="dsp" value="0" description="" />
   <keyValuePair key="effort" value="2" description="" />
   <keyValuePair key="estimated_expansions" value="14523984" description="" />
   <keyValuePair key="ff" value="11779" description="" />
   <keyValuePair key="global_clocks" value="2" description="" />
   <keyValuePair key="high_fanout_nets" value="10" description="" />
   <keyValuePair key="iob" value="1" description="" />
   <keyValuePair key="lut" value="6118" description="" />
   <keyValuePair key="movable_instances" value="19579" description="" />
   <keyValuePair key="nets" value="26281" description="" />
   <keyValuePair key="pins" value="104005" description="" />
   <keyValuePair key="pll" value="0" description="" />
   <keyValuePair key="router_runtime" value="1.000000" description="" />
   <keyValuePair key="router_timing_driven" value="1" description="" />
   <keyValuePair key="threads" value="2" description="" />
   <keyValuePair key="timing_constraints_exist" value="1" description="" />
  </section>
 </section>
 <section name="synthesis" level="1" order="7" description="">
  <section name="command_line_options" level="2" order="1" description="">
   <keyValuePair key="-assert" value="default::[not_specified]" description="" />
   <keyValuePair key="-bufg" value="default::12" description="" />
   <keyValuePair key="-cascade_dsp" value="default::auto" description="" />
   <keyValuePair key="-constrset" value="default::[not_specified]" description="" />
   <keyValuePair key="-control_set_opt_threshold" value="default::auto" description="" />
   <keyValuePair key="-directive" value="default::default" description="" />
   <keyValuePair key="-fanout_limit" value="default::10000" description="" />
   <keyValuePair key="-flatten_hierarchy" value="default::rebuilt" description="" />
   <keyValuePair key="-fsm_extraction" value="default::auto" description="" />
   <keyValuePair key="-gated_clock_conversion" value="default::off" description="" />
   <keyValuePair key="-generic" value="default::[not_specified]" description="" />
   <keyValuePair key="-include_dirs" value="default::[not_specified]" description="" />
   <keyValuePair key="-keep_equivalent_registers" value="default::[not_specified]" description="" />
   <keyValuePair key="-max_bram" value="default::-1" description="" />
   <keyValuePair key="-max_bram_cascade_height" value="default::-1" description="" />
   <keyValuePair key="-max_dsp" value="default::-1" description="" />
   <keyValuePair key="-max_uram" value="default::-1" description="" />
   <keyValuePair key="-max_uram_cascade_height" value="default::-1" description="" />
   <keyValuePair key="-mode" value="default::default" description="" />
   <keyValuePair key="-name" value="default::[not_specified]" description="" />
   <keyValuePair key="-no_lc" value="default::[not_specified]" description="" />
   <keyValuePair key="-no_srlextract" value="default::[not_specified]" description="" />
   <keyValuePair key="-no_timing_driven" value="default::[not_specified]" description="" />
   <keyValuePair key="-part" value="xc7k325tiffg676-2L" description="" />
   <keyValuePair key="-resource_sharing" value="default::auto" description="" />
   <keyValuePair key="-retiming" value="default::[not_specified]" description="" />
   <keyValuePair key="-rtl" value="default::[not_specified]" description="" />
   <keyValuePair key="-rtl_skip_constraints" value="default::[not_specified]" description="" />
   <keyValuePair key="-rtl_skip_ip" value="default::[not_specified]" description="" />
   <keyValuePair key="-seu_protect" value="default::none" description="" />
   <keyValuePair key="-shreg_min_size" value="default::3" description="" />
   <keyValuePair key="-top" value="example_ibert_7series_gtx_0" description="" />
   <keyValuePair key="-verilog_define" value="default::[not_specified]" description="" />
  </section>
  <section name="usage" level="2" order="2" description="">
   <keyValuePair key="elapsed" value="00:03:14s" description="" />
   <keyValuePair key="hls_ip" value="0" description="" />
   <keyValuePair key="memory_gain" value="558.898MB" description="" />
   <keyValuePair key="memory_peak" value="773.594MB" description="" />
  </section>
 </section>
 <section name="unisim_transformation" level="1" order="8" description="">
  <section name="post_unisim_transformation" level="2" order="1" description="">
   <keyValuePair key="bscane2" value="1" description="" />
   <keyValuePair key="bufg" value="2" description="" />
   <keyValuePair key="bufh" value="5" description="" />
   <keyValuePair key="bufr" value="1" description="" />
   <keyValuePair key="carry4" value="322" description="" />
   <keyValuePair key="fdce" value="267" description="" />
   <keyValuePair key="fdpe" value="63" description="" />
   <keyValuePair key="fdre" value="12625" description="" />
   <keyValuePair key="fdse" value="288" description="" />
   <keyValuePair key="gnd" value="521" description="" />
   <keyValuePair key="gtxe2_channel" value="4" description="" />
   <keyValuePair key="gtxe2_common" value="1" description="" />
   <keyValuePair key="ibuf" value="11" description="" />
   <keyValuePair key="ibufds_gte2" value="1" description="" />
   <keyValuePair key="lut1" value="1504" description="" />
   <keyValuePair key="lut2" value="1280" description="" />
   <keyValuePair key="lut3" value="468" description="" />
   <keyValuePair key="lut4" value="396" description="" />
   <keyValuePair key="lut5" value="960" description="" />
   <keyValuePair key="lut6" value="3037" description="" />
   <keyValuePair key="mmcme2_adv" value="1" description="" />
   <keyValuePair key="muxf7" value="449" description="" />
   <keyValuePair key="obuf" value="8" description="" />
   <keyValuePair key="ramd32" value="36" description="" />
   <keyValuePair key="rams32" value="12" description="" />
   <keyValuePair key="srl16e" value="128" description="" />
   <keyValuePair key="vcc" value="158" description="" />
  </section>
  <section name="pre_unisim_transformation" level="2" order="2" description="">
   <keyValuePair key="bscane2" value="1" description="" />
   <keyValuePair key="bufg" value="2" description="" />
   <keyValuePair key="bufh" value="5" description="" />
   <keyValuePair key="bufr" value="1" description="" />
   <keyValuePair key="carry4" value="322" description="" />
   <keyValuePair key="fdce" value="267" description="" />
   <keyValuePair key="fdpe" value="63" description="" />
   <keyValuePair key="fdre" value="12625" description="" />
   <keyValuePair key="fdse" value="288" description="" />
   <keyValuePair key="gnd" value="521" description="" />
   <keyValuePair key="gtxe2_channel" value="4" description="" />
   <keyValuePair key="gtxe2_common" value="1" description="" />
   <keyValuePair key="ibuf" value="11" description="" />
   <keyValuePair key="ibufds_gte2" value="1" description="" />
   <keyValuePair key="lut1" value="1504" description="" />
   <keyValuePair key="lut2" value="1280" description="" />
   <keyValuePair key="lut3" value="468" description="" />
   <keyValuePair key="lut4" value="396" description="" />
   <keyValuePair key="lut5" value="960" description="" />
   <keyValuePair key="lut6" value="3037" description="" />
   <keyValuePair key="mmcme2_adv" value="1" description="" />
   <keyValuePair key="muxf7" value="449" description="" />
   <keyValuePair key="obuf" value="8" description="" />
   <keyValuePair key="ram32m" value="6" description="" />
   <keyValuePair key="srl16e" value="128" description="" />
   <keyValuePair key="vcc" value="158" description="" />
  </section>
 </section>
 <section name="vivado_usage" level="1" order="9" description="">
  <section name="java_command_handlers" level="2" order="1" description="">
   <keyValuePair key="runbitgen" value="1" description="" />
   <keyValuePair key="runimplementation" value="1" description="" />
   <keyValuePair key="runsynthesis" value="1" description="" />
  </section>
  <section name="other_data" level="2" order="2" description="">
   <keyValuePair key="guimode" value="1" description="" />
  </section>
  <section name="project_data" level="2" order="3" description="">
   <keyValuePair key="constraintsetcount" value="1" description="" />
   <keyValuePair key="core_container" value="false" description="" />
   <keyValuePair key="currentimplrun" value="impl_1" description="" />
   <keyValuePair key="currentsynthesisrun" value="synth_1" description="" />
   <keyValuePair key="default_library" value="xil_defaultlib" description="" />
   <keyValuePair key="designmode" value="RTL" description="" />
   <keyValuePair key="export_simulation_activehdl" value="1" description="" />
   <keyValuePair key="export_simulation_ies" value="1" description="" />
   <keyValuePair key="export_simulation_modelsim" value="1" description="" />
   <keyValuePair key="export_simulation_questa" value="1" description="" />
   <keyValuePair key="export_simulation_riviera" value="1" description="" />
   <keyValuePair key="export_simulation_vcs" value="1" description="" />
   <keyValuePair key="export_simulation_xsim" value="1" description="" />
   <keyValuePair key="implstrategy" value="Vivado Implementation Defaults" description="" />
   <keyValuePair key="launch_simulation_activehdl" value="0" description="" />
   <keyValuePair key="launch_simulation_ies" value="0" description="" />
   <keyValuePair key="launch_simulation_modelsim" value="0" description="" />
   <keyValuePair key="launch_simulation_questa" value="0" description="" />
   <keyValuePair key="launch_simulation_riviera" value="0" description="" />
   <keyValuePair key="launch_simulation_vcs" value="0" description="" />
   <keyValuePair key="launch_simulation_xsim" value="0" description="" />
   <keyValuePair key="simulator_language" value="Mixed" description="" />
   <keyValuePair key="srcsetcount" value="4" description="" />
   <keyValuePair key="synthesisstrategy" value="Vivado Synthesis Defaults" description="" />
   <keyValuePair key="target_language" value="Verilog" description="" />
   <keyValuePair key="target_simulator" value="XSim" description="" />
   <keyValuePair key="totalimplruns" value="1" description="" />
   <keyValuePair key="totalsynthesisruns" value="1" description="" />
  </section>
 </section>
</section>
</webTalkData>
