<?xml version="1.0" encoding="UTF-8"?>
<GenRun Id="synth_1" LaunchPart="xc7k325tiffg676-2L" LaunchTime="1597457390">
  <File Type="RDS-PROPCONSTRS" Name="example_ibert_7series_gtx_0_drc_synth.rpt"/>
  <File Type="PA-TCL" Name="example_ibert_7series_gtx_0.tcl"/>
  <File Type="RDS-RDS" Name="example_ibert_7series_gtx_0.vds"/>
  <File Type="RDS-UTIL" Name="example_ibert_7series_gtx_0_utilization_synth.rpt"/>
  <File Type="RDS-UTIL-PB" Name="example_ibert_7series_gtx_0_utilization_synth.pb"/>
  <File Type="RDS-DCP" Name="example_ibert_7series_gtx_0.dcp"/>
  <File Type="VDS-TIMINGSUMMARY" Name="example_ibert_7series_gtx_0_timing_summary_synth.rpt"/>
  <File Type="VDS-TIMING-PB" Name="example_ibert_7series_gtx_0_timing_summary_synth.pb"/>
  <FileSet Name="sources" Type="DesignSrcs" RelSrcDir="$PSRCDIR/sources_1">
    <Filter Type="Srcs"/>
    <File Path="$PSRCDIR/sources_1/ip/ibert_7series_gtx_0/ibert_7series_gtx_0.xci">
      <FileInfo>
        <Attr Name="ImportPath" Val="$PPRDIR/../sata_ibert/sata_ibert.srcs/sources_1/ip/ibert_7series_gtx_0/ibert_7series_gtx_0.xci"/>
        <Attr Name="ImportTime" Val="1597457308"/>
        <Attr Name="UsedIn" Val="synthesis"/>
        <Attr Name="UsedIn" Val="implementation"/>
        <Attr Name="UsedIn" Val="simulation"/>
      </FileInfo>
    </File>
    <File Path="$PPRDIR/imports/example_ibert_7series_gtx_0.v">
      <FileInfo>
        <Attr Name="UsedIn" Val="synthesis"/>
        <Attr Name="UsedIn" Val="implementation"/>
        <Attr Name="UsedIn" Val="simulation"/>
      </FileInfo>
    </File>
    <File Path="$PPRDIR/imports/xdc_7ser_gtx.txt"/>
    <File Path="$PPRDIR/imports/example_top_verilog.txt"/>
    <Config>
      <Option Name="DesignMode" Val="RTL"/>
      <Option Name="TopModule" Val="example_ibert_7series_gtx_0"/>
    </Config>
  </FileSet>
  <FileSet Name="constrs_in" Type="Constrs" RelSrcDir="$PSRCDIR/constrs_1">
    <Filter Type="Constrs"/>
    <File Path="$PPRDIR/imports/example_ibert_7series_gtx_0.xdc">
      <FileInfo>
        <Attr Name="UsedIn" Val="synthesis"/>
        <Attr Name="UsedIn" Val="implementation"/>
      </FileInfo>
    </File>
    <Config>
      <Option Name="ConstrsType" Val="XDC"/>
    </Config>
  </FileSet>
  <Strategy Version="1" Minor="2">
    <StratHandle Name="Vivado Synthesis Defaults" Flow="Vivado Synthesis 2016">
      <Desc>Vivado Synthesis Defaults</Desc>
    </StratHandle>
    <Step Id="synth_design"/>
  </Strategy>
</GenRun>
