<?xml version="1.0" encoding="UTF-8"?>
<!-- Product Version: Vivado v2016.4 (64-bit)                     -->
<!--                                                              -->
<!-- Copyright 1986-2016 Xilinx, Inc. All Rights Reserved.        -->

<hwsession version="1" minor="2">
  <device name="xc7k325t_0" gui_info=""/>
  <ObjectList object_type="hw_device" gui_info="">
    <Object name="xc7k325t_0" gui_info="">
      <Properties Property="PROBES.FILE" value="F:/mig_7series_0_ex/mig_7series_0_ex/mig_7series_0_ex.runs/impl_1/debug_nets.ltx"/>
      <Properties Property="PROGRAM.HW_BITSTREAM" value="F:/mig_7series_0_ex/mig_7series_0_ex/mig_7series_0_ex.runs/impl_1/example_top.bit"/>
    </Object>
  </ObjectList>
  <ObjectList object_type="hw_sio_link" gui_info="">
    <Object name="0_1_0/IBERT/Quad_115/MGT_X0Y0/TX->0_1_0/IBERT/Quad_115/MGT_X0Y0/RX" gui_info="">
      <Attributes Attribute="RX_HANDLE" value="0_1_0/IBERT/Quad_115/MGT_X0Y0/RX"/>
      <Attributes Attribute="TX_HANDLE" value="0_1_0/IBERT/Quad_115/MGT_X0Y0/TX"/>
      <Properties Property="DESCRIPTION" value="Found 0"/>
      <Properties Property="LOGIC.MGT_ERRCNT_RESET_CTRL" value="0"/>
      <Properties Property="RX_PATTERN" value="PRBS 31-bit"/>
      <Properties Property="TX_PATTERN" value="PRBS 31-bit"/>
    </Object>
    <Object name="0_1_0/IBERT/Quad_115/MGT_X0Y1/TX->0_1_0/IBERT/Quad_115/MGT_X0Y1/RX" gui_info="">
      <Attributes Attribute="RX_HANDLE" value="0_1_0/IBERT/Quad_115/MGT_X0Y1/RX"/>
      <Attributes Attribute="TX_HANDLE" value="0_1_0/IBERT/Quad_115/MGT_X0Y1/TX"/>
      <Properties Property="DESCRIPTION" value="Found 0"/>
      <Properties Property="LOGIC.MGT_ERRCNT_RESET_CTRL" value="0"/>
      <Properties Property="RX_PATTERN" value="PRBS 15-bit"/>
      <Properties Property="TX_PATTERN" value="PRBS 15-bit"/>
    </Object>
  </ObjectList>
  <ObjectList object_type="hw_sio_linkgroup" gui_info="">
    <Object name="LINKGROUP_0" gui_info="">
      <Attributes Attribute="LINK_HANDLE0" value="0_1_0/IBERT/Quad_115/MGT_X0Y0/TX->0_1_0/IBERT/Quad_115/MGT_X0Y0/RX"/>
      <Properties Property="DESCRIPTION" value="Found Links"/>
    </Object>
    <Object name="LINKGROUP_1" gui_info="">
      <Attributes Attribute="LINK_HANDLE0" value="0_1_0/IBERT/Quad_115/MGT_X0Y1/TX->0_1_0/IBERT/Quad_115/MGT_X0Y1/RX"/>
      <Properties Property="DESCRIPTION" value="Found Links"/>
    </Object>
  </ObjectList>
  <probeset name="hw project" active="false"/>
</hwsession>
